{"name":"a8219f71-27e1-4872-addc-d082e24a5958","id":"/providers/Microsoft.Flow/flows/a8219f71-27e1-4872-addc-d082e24a5958","type":"Microsoft.Flow/flows","properties":{"apiId":"/providers/Microsoft.PowerApps/apis/shared_logicflows","displayName":"CMER Check Record In Location List For Location Division","definition":{"metadata":{"workflowEntityId":null,"creator":{"id":"31783ea4-ee13-43d8-a628-1f787078070c","type":"User","tenantId":"387ee3eb-961a-45f7-be9e-e820e8f8c0b5"},"provisioningMethod":"FromDefinition","failureAlertSubscription":true,"clientLastModifiedTime":"2020-06-23T13:58:16.3044524Z"},"$schema":"https://schema.management.azure.com/providers/Microsoft.Logic/schemas/2016-06-01/workflowdefinition.json#","contentVersion":"1.0.0.0","parameters":{"$connections":{"defaultValue":{},"type":"Object"},"$authentication":{"defaultValue":{},"type":"SecureObject"}},"triggers":{"manual":{"type":"Request","kind":"PowerApp","inputs":{"schema":{"type":"object","properties":{"Initializevariable_Value":{"type":"string","description":"Enter initial value","x-ms-powerflows-param-ispartial":false},"Initializevariable2_Value":{"type":"string","description":"Enter initial value","x-ms-powerflows-param-ispartial":false}},"required":["Initializevariable_Value","Initializevariable2_Value"]}}}},"actions":{"Get_items":{"runAfter":{"Record_Exists_Against_to_Location_and_Division":["Succeeded"]},"metadata":{"flowSystemMetadata":{"swaggerOperationId":"GetItems"}},"type":"ApiConnection","inputs":{"host":{"connection":{"name":"@json(decodeBase64(triggerOutputs().headers['X-MS-APIM-Tokens']))['$connections']['shared_sharepointonline']['connectionId']"},"api":{"runtimeUrl":"https://unitedstates-002.azure-apim.net/apim/sharepointonline"}},"method":"get","path":"/datasets/@{encodeURIComponent(encodeURIComponent('https://avxcorp.sharepoint.com/sites/CMERAutomation'))}/tables/@{encodeURIComponent(encodeURIComponent('7f7fce85-e7aa-4336-8b24-f9f432c095ce'))}/items","queries":{"$filter":"LinkTitle eq '@{triggerBody()['Initializevariable_Value']}' and Division eq @{triggerBody()['Initializevariable2_Value']}","view":"e8203d8a-1def-4c75-b688-56633037acf8"},"authentication":{"type":"Raw","value":"@json(decodeBase64(triggerOutputs().headers['X-MS-APIM-Tokens']))['$ConnectionKey']"}}},"Initialize_variable":{"runAfter":{},"type":"InitializeVariable","inputs":{"variables":[{"name":"Location","type":"string","value":"@{triggerBody()['Initializevariable_Value']}"}]}},"Initialize_variable_2":{"runAfter":{"Initialize_variable":["Succeeded"]},"type":"InitializeVariable","inputs":{"variables":[{"name":"Division","type":"string","value":"@{triggerBody()['Initializevariable2_Value']}"}]}},"Record_Exists_Against_to_Location_and_Division":{"runAfter":{"Initialize_variable_2":["Succeeded"]},"type":"InitializeVariable","inputs":{"variables":[{"name":"Record Exists Against to Location and Division","type":"boolean","value":false}]}},"Apply_to_each":{"foreach":"@body('Get_items')?['value']","actions":{"Set_variable":{"runAfter":{},"type":"SetVariable","inputs":{"name":"Record Exists Against to Location and Division","value":"@true"}}},"runAfter":{"Get_items":["Succeeded"]},"type":"Foreach"},"Respond_to_a_PowerApp_or_flow":{"runAfter":{"Apply_to_each":["Succeeded"]},"type":"Response","kind":"PowerApp","inputs":{"statusCode":200,"body":{"record_exists_against_to_location_and_division":"@{variables('Record Exists Against to Location and Division')}"},"schema":{"type":"object","properties":{"record_exists_against_to_location_and_division":{"title":"Record Exists Against to Location and Division","x-ms-dynamically-added":true,"type":"string"}}}}}},"outputs":{}},"connectionReferences":{"shared_sharepointonline":{"connectionName":"ad1837a86a7a49c79f81b310946c6b55","source":"Invoker","id":"/providers/Microsoft.PowerApps/apis/shared_sharepointonline","tier":"NotSpecified"}},"flowFailureAlertSubscribed":false}}