{"name":"24fe92a5-b4da-493b-ad24-ed7f4744d75b","id":"/providers/Microsoft.Flow/flows/24fe92a5-b4da-493b-ad24-ed7f4744d75b","type":"Microsoft.Flow/flows","properties":{"apiId":"/providers/Microsoft.PowerApps/apis/shared_logicflows","displayName":"CMER Request All Approvers","definition":{"metadata":{"workflowEntityId":null,"creator":{"id":"31783ea4-ee13-43d8-a628-1f787078070c","type":"User","tenantId":"387ee3eb-961a-45f7-be9e-e820e8f8c0b5"},"provisioningMethod":"FromDefinition","failureAlertSubscription":true,"clientLastModifiedTime":"2020-06-24T08:30:58.4643459Z"},"$schema":"https://schema.management.azure.com/providers/Microsoft.Logic/schemas/2016-06-01/workflowdefinition.json#","contentVersion":"1.0.0.0","parameters":{"$connections":{"defaultValue":{},"type":"Object"},"$authentication":{"defaultValue":{},"type":"SecureObject"}},"triggers":{"manual":{"type":"Request","kind":"PowerApp","inputs":{"schema":{"type":"object","properties":{"CMERItemID_Value":{"type":"integer","description":"Enter initial value","x-ms-powerflows-param-ispartial":false},"LocationAgainsttoCMERItemID_Value":{"type":"string","description":"Enter initial value","x-ms-powerflows-param-ispartial":false},"DivisionIDAgainsttoCMERItemID_Value":{"type":"integer","description":"Enter initial value","x-ms-powerflows-param-ispartial":false},"OptionalApprovar_Value":{"type":"string","description":"Enter initial value","x-ms-powerflows-param-ispartial":false}},"required":["CMERItemID_Value","LocationAgainsttoCMERItemID_Value","DivisionIDAgainsttoCMERItemID_Value","OptionalApprovar_Value"]}}}},"actions":{"CMER_Item_ID":{"runAfter":{"CMER_Assignment":["Succeeded"]},"type":"InitializeVariable","inputs":{"variables":[{"name":"CMER Item ID","type":"Integer","value":"@triggerBody()['CMERItemID_Value']"}]}},"Location_Against_to_CMER_Item_ID":{"runAfter":{"CMER_Item_ID":["Succeeded"]},"type":"InitializeVariable","inputs":{"variables":[{"name":"Location Against to CMER Item ID","type":"String","value":"@{triggerBody()['LocationAgainsttoCMERItemID_Value']}"}]}},"Division_ID_Against_to_CMER_Item_ID":{"runAfter":{"Location_Against_to_CMER_Item_ID":["Succeeded"]},"type":"InitializeVariable","inputs":{"variables":[{"name":"Division ID Against to CMER Item ID","type":"Integer","value":"@triggerBody()['DivisionIDAgainsttoCMERItemID_Value']"}]}},"Get_Managers_etc":{"runAfter":{"Get_manager_(V2)":["Succeeded","Failed"]},"metadata":{"flowSystemMetadata":{"swaggerOperationId":"GetItems"}},"type":"ApiConnection","inputs":{"host":{"connection":{"name":"@json(decodeBase64(triggerOutputs().headers['X-MS-APIM-Tokens']))['$connections']['shared_sharepointonline']['connectionId']"},"api":{"runtimeUrl":"https://unitedstates-002.azure-apim.net/apim/sharepointonline"}},"method":"get","path":"/datasets/@{encodeURIComponent(encodeURIComponent('https://avxcorp.sharepoint.com/sites/CMERAutomation'))}/tables/@{encodeURIComponent(encodeURIComponent('7f7fce85-e7aa-4336-8b24-f9f432c095ce'))}/items","queries":{"$filter":"Division eq @{variables('Division ID Against to CMER Item ID')} and LinkTitle eq '@{variables('Location Against to CMER Item ID')}'","view":"e8203d8a-1def-4c75-b688-56633037acf8"},"authentication":{"type":"Raw","value":"@json(decodeBase64(triggerOutputs().headers['X-MS-APIM-Tokens']))['$ConnectionKey']"}}},"Get_CMER_Assignment":{"runAfter":{"Apply_to_each_9":["Succeeded"]},"metadata":{"flowSystemMetadata":{"swaggerOperationId":"GetItems"}},"type":"ApiConnection","inputs":{"host":{"connection":{"name":"@json(decodeBase64(triggerOutputs().headers['X-MS-APIM-Tokens']))['$connections']['shared_sharepointonline']['connectionId']"},"api":{"runtimeUrl":"https://unitedstates-002.azure-apim.net/apim/sharepointonline"}},"method":"get","path":"/datasets/@{encodeURIComponent(encodeURIComponent('https://avxcorp.sharepoint.com/sites/CMERAutomation'))}/tables/@{encodeURIComponent(encodeURIComponent('7f7fce85-e7aa-4336-8b24-f9f432c095ce'))}/items","queries":{"$filter":"Division eq @{variables('Division ID Against to CMER Item ID')} and LinkTitle eq '@{variables('Location Against to CMER Item ID')}'","view":"20c73b03-d345-477e-90a9-89f3ef72ccbd"},"authentication":{"type":"Raw","value":"@json(decodeBase64(triggerOutputs().headers['X-MS-APIM-Tokens']))['$ConnectionKey']"}}},"Optional_Approvar":{"runAfter":{"Division_ID_Against_to_CMER_Item_ID":["Succeeded"]},"type":"InitializeVariable","inputs":{"variables":[{"name":"Optional Approvar","type":"String","value":"@{triggerBody()['OptionalApprovar_Value']}"}]}},"Condition_Check_No_Optional_Approval":{"actions":{},"runAfter":{"Get_CMER_Assignment":["Succeeded"]},"else":{"actions":{"Set_variable_2":{"runAfter":{},"type":"SetVariable","inputs":{"name":"Array Main Optional Approver","value":"@split(substring(variables('Optional Approvar'),0,sub(length(variables('Optional Approvar')),1)),',')"}},"Get_items_Location_Optional_Approval":{"runAfter":{"Set_variable_2":["Succeeded"]},"metadata":{"flowSystemMetadata":{"swaggerOperationId":"GetItems"}},"type":"ApiConnection","inputs":{"host":{"connection":{"name":"@json(decodeBase64(triggerOutputs().headers['X-MS-APIM-Tokens']))['$connections']['shared_sharepointonline']['connectionId']"},"api":{"runtimeUrl":"https://unitedstates-002.azure-apim.net/apim/sharepointonline"}},"method":"get","path":"/datasets/@{encodeURIComponent(encodeURIComponent('https://avxcorp.sharepoint.com/sites/CMERAutomation'))}/tables/@{encodeURIComponent(encodeURIComponent('7f7fce85-e7aa-4336-8b24-f9f432c095ce'))}/items","queries":{"$filter":"LinkTitle eq '@{variables('Location Against to CMER Item ID')}' and Division eq @{variables('Division ID Against to CMER Item ID')}","view":"0fa65170-a4bc-4c2c-a1e0-23acb33de2b1"},"authentication":{"type":"Raw","value":"@json(decodeBase64(triggerOutputs().headers['X-MS-APIM-Tokens']))['$ConnectionKey']"}}},"Apply_to_each_2":{"foreach":"@body('Get_items_Location_Optional_Approval')?['value']","actions":{"Set_variable_3":{"runAfter":{},"type":"SetVariable","inputs":{"name":"Optional Approver 1","value":"@items('Apply_to_each_2')?['Optional_x0020_Approval_x0020_1_']?['Value']"}},"Set_variable_4":{"runAfter":{"Set_variable_3":["Succeeded"]},"type":"SetVariable","inputs":{"name":"Optional Approver 2","value":"@items('Apply_to_each_2')?['Optional_x0020_Approval_x0020_2_']?['Value']"}},"Set_variable_5":{"runAfter":{"Set_variable_4":["Succeeded"]},"type":"SetVariable","inputs":{"name":"Optional Approver 3","value":"@items('Apply_to_each_2')?['Optional_x0020_Approval_x0020_3_']?['Value']"}},"Set_variable_6":{"runAfter":{"Set_variable_5":["Succeeded"]},"type":"SetVariable","inputs":{"name":"Location List Optional Approver IDs","value":"@{concat(variables('Optional Approver 1'), ',', variables('Optional Approver 2'), ',', variables('Optional Approver 3'))}"}},"Set_variable_7":{"runAfter":{"Set_variable_6":["Succeeded"]},"type":"SetVariable","inputs":{"name":"Array Location List Optional Approval","value":"@split(variables('Location List Optional Approver IDs'), ',')"}},"Loc_Optional_1":{"actions":{"Apply_to_each_3":{"foreach":"@items('Apply_to_each_2')['OptionalApproval1Approver']","actions":{"Append_to_array_variable":{"runAfter":{},"type":"AppendToArrayVariable","inputs":{"name":"Array Display Name Location Optional 1","value":"@items('Apply_to_each_3')?['DisplayName']"}}},"runAfter":{},"type":"Foreach"},"Set_variable_8":{"runAfter":{"Append_to_string_variable_2":["Succeeded"]},"type":"SetVariable","inputs":{"name":"Is Any Location And Main Optional Are Match","value":true}},"Set_variable_9":{"runAfter":{"Set_variable_8":["Succeeded"]},"type":"SetVariable","inputs":{"name":"Display Name Location Optional 1","value":"@{join(variables('Array Display Name Location Optional 1'),';')}"}},"Apply_to_each_11":{"foreach":"@items('Apply_to_each_2')['OptionalApproval1Approver']","actions":{"Append_to_array_variable_6":{"runAfter":{},"type":"AppendToArrayVariable","inputs":{"name":"Array Eamil Optional Approvar 1","value":"@items('Apply_to_each_11')?['Email']"}}},"runAfter":{"Apply_to_each_3":["Succeeded"]},"type":"Foreach"},"Set_variable_24":{"runAfter":{"Apply_to_each_11":["Succeeded"]},"type":"SetVariable","inputs":{"name":"Email Optional Approvar 1","value":"@{join(variables('Array Eamil Optional Approvar 1'),';')}"}},"Append_to_string_variable_2":{"runAfter":{"Set_variable_24":["Succeeded"]},"type":"AppendToStringVariable","inputs":{"name":"Approver","value":"@variables('Email Optional Approvar 1')"}},"Append_to_string_variable_5":{"runAfter":{"Set_variable_9":["Succeeded"]},"type":"AppendToStringVariable","inputs":{"name":"Location Optional Approver Display Name","value":"@concat('_ ', variables('Display Name Location Optional 1'))"}},"Append_to_string_variable_6":{"runAfter":{"Append_to_string_variable_5":["Succeeded"]},"type":"AppendToStringVariable","inputs":{"name":"Optional Approval Text","value":"@concat('_ ', items('Apply_to_each_2')?['Optional_x0020_Approval_x0020_1']?['Value'])"}}},"runAfter":{"Set_variable_7":["Succeeded"]},"expression":{"contains":["@variables('Optional Approvar')","@\r\nif(equals(items('Apply_to_each_2')?['Optional_x0020_Approval_x0020_1_']?['Value'],null),'-1',items('Apply_to_each_2')?['Optional_x0020_Approval_x0020_1_']?['Value'])"]},"type":"If"},"Loc_Optional_2":{"actions":{"Apply_to_each_4":{"foreach":"@items('Apply_to_each_2')['OptionalApproval2Approver']","actions":{"Append_to_array_variable_2":{"runAfter":{},"type":"AppendToArrayVariable","inputs":{"name":"Array Display Name Location Optional 2","value":"@items('Apply_to_each_4')?['DisplayName']"}}},"runAfter":{},"type":"Foreach"},"Set_variable_12":{"runAfter":{"Append_to_string_variable_3":["Succeeded"]},"type":"SetVariable","inputs":{"name":"Display Name Location Optional 2","value":"@{join(variables('Array Display Name Location Optional 2'),';')}"}},"Set_variable_15":{"runAfter":{"Append_to_string_variable_7":["Succeeded"]},"type":"SetVariable","inputs":{"name":"Is Any Location And Main Optional Are Match","value":true}},"Apply_to_each_12":{"foreach":"@items('Apply_to_each_2')['OptionalApproval2Approver']","actions":{"Append_to_array_variable_7":{"runAfter":{},"type":"AppendToArrayVariable","inputs":{"name":"Array Eamil Optional Approvar 2","value":"@items('Apply_to_each_12')?['Email']"}}},"runAfter":{"Apply_to_each_4":["Succeeded"]},"type":"Foreach"},"Set_variable_25":{"runAfter":{"Apply_to_each_12":["Succeeded"]},"type":"SetVariable","inputs":{"name":"Email Optional Approvar 2","value":"@{join(variables('Array Eamil Optional Approvar 2'),';')}"}},"Append_to_string_variable_3":{"runAfter":{"Set_variable_25":["Succeeded"]},"type":"AppendToStringVariable","inputs":{"name":"Approver","value":"@concat('_ ',variables('Email Optional Approvar 2'))"}},"Append_to_string_variable_7":{"runAfter":{"Append_to_string_variable_8":["Succeeded"]},"type":"AppendToStringVariable","inputs":{"name":"Optional Approval Text","value":"@concat('_ ', items('Apply_to_each_2')?['OptionalApproval2']?['Value'])"}},"Append_to_string_variable_8":{"runAfter":{"Set_variable_12":["Succeeded"]},"type":"AppendToStringVariable","inputs":{"name":"Location Optional Approver Display Name","value":"@concat('_ ',variables('Display Name Location Optional 2'))"}}},"runAfter":{"Loc_Optional_1":["Succeeded"]},"expression":{"contains":["@variables('Optional Approvar')","@if(equals(items('Apply_to_each_2')?['Optional_x0020_Approval_x0020_2_']?['Value'],null),'-1',items('Apply_to_each_2')?['Optional_x0020_Approval_x0020_2_']?['Value'])"]},"type":"If"},"Loc_Optional_3":{"actions":{"Apply_to_each_5":{"foreach":"@items('Apply_to_each_2')['OptionalApproval3Approver']","actions":{"Append_to_array_variable_3":{"runAfter":{},"type":"AppendToArrayVariable","inputs":{"name":"Array Display Name Location Optional 3","value":"@items('Apply_to_each_5')?['DisplayName']"}}},"runAfter":{},"type":"Foreach"},"Set_variable_16":{"runAfter":{"Append_to_string_variable_4":["Succeeded"]},"type":"SetVariable","inputs":{"name":"Display Name Location Optional 3","value":"@{join(variables('Array Display Name Location Optional 3'),';')}"}},"Set_variable_19":{"runAfter":{"Append_to_string_variable_10":["Succeeded"]},"type":"SetVariable","inputs":{"name":"Is Any Location And Main Optional Are Match","value":true}},"Apply_to_each_13":{"foreach":"@items('Apply_to_each_2')['OptionalApproval3Approver']","actions":{"Append_to_array_variable_8":{"runAfter":{},"type":"AppendToArrayVariable","inputs":{"name":"Array Eamil Optional Approvar 3","value":"@items('Apply_to_each_13')?['Email']"}}},"runAfter":{"Apply_to_each_5":["Succeeded"]},"type":"Foreach"},"Set_variable_26":{"runAfter":{"Apply_to_each_13":["Succeeded"]},"type":"SetVariable","inputs":{"name":"Email Optional Approvar 3","value":"@{join(variables('Array Eamil Optional Approvar 3'),';')}"}},"Append_to_string_variable_4":{"runAfter":{"Set_variable_26":["Succeeded"]},"type":"AppendToStringVariable","inputs":{"name":"Approver","value":"@concat('_ ',variables('Email Optional Approvar 3'))"}},"Append_to_string_variable_9":{"runAfter":{"Set_variable_16":["Succeeded"]},"type":"AppendToStringVariable","inputs":{"name":"Location Optional Approver Display Name","value":"@concat('_ ',variables('Display Name Location Optional 3'))"}},"Append_to_string_variable_10":{"runAfter":{"Append_to_string_variable_9":["Succeeded"]},"type":"AppendToStringVariable","inputs":{"name":"Optional Approval Text","value":"@concat('_ ', items('Apply_to_each_2')?['OptionalApproval3']?['Value'])"}}},"runAfter":{"Loc_Optional_2":["Succeeded"]},"expression":{"contains":["@variables('Optional Approvar')","@if(equals(items('Apply_to_each_2')?['Optional_x0020_Approval_x0020_3_']?['Value'],null),'-1',items('Apply_to_each_2')?['Optional_x0020_Approval_x0020_3_']?['Value'])"]},"type":"If"},"Condition_2_Is_Loc_Optional_Approval_Match":{"actions":{"Append_to_array_variable_5":{"runAfter":{},"type":"AppendToArrayVariable","inputs":{"name":"Array Location Optional Approvar","value":{"Approver":"@trim(substring(variables('Approver'),1,sub(length(variables('Approver')),1)))","ApproverDisplayName":"@trim(substring(variables('Location Optional Approver Display Name'),1,sub(length(variables('Location Optional Approver Display Name')),1)))","OptionalApprovalText":"@trim(substring(variables('Optional Approval Text'),1,sub(length(variables('Optional Approval Text')),1)))"}}}},"runAfter":{"Loc_Optional_3":["Succeeded"]},"expression":{"equals":["@variables('Is Any Location And Main Optional Are Match')",true]},"type":"If"}},"runAfter":{"Get_items_Location_Optional_Approval":["Succeeded"]},"type":"Foreach"}}},"expression":{"contains":["@variables('Optional Approvar')","000"]},"type":"If"},"Array_Main_Optional_Approver":{"runAfter":{"Optional_Approvar":["Succeeded"]},"type":"InitializeVariable","inputs":{"variables":[{"name":"Array Main Optional Approver","type":"Array"}]}},"Optional_Approver_1":{"runAfter":{"Array_Main_Optional_Approver":["Succeeded"]},"type":"InitializeVariable","inputs":{"variables":[{"name":"Optional Approver 1","type":"String"}]}},"Optional_Approver_2":{"runAfter":{"Optional_Approver_1":["Succeeded"]},"type":"InitializeVariable","inputs":{"variables":[{"name":"Optional Approver 2","type":"String"}]}},"Optional_Approver_3":{"runAfter":{"Optional_Approver_2":["Succeeded"]},"type":"InitializeVariable","inputs":{"variables":[{"name":"Optional Approver 3","type":"String"}]}},"Location_List_Optional_Approver_IDs":{"runAfter":{"Optional_Approver_3":["Succeeded"]},"type":"InitializeVariable","inputs":{"variables":[{"name":"Location List Optional Approver IDs","type":"String"}]}},"Array_Location_List_Optional_Approval":{"runAfter":{"Location_List_Optional_Approver_IDs":["Succeeded"]},"type":"InitializeVariable","inputs":{"variables":[{"name":"Array Location List Optional Approval","type":"Array"}]}},"Array_Eamil_Optioanl_Approvar_1":{"runAfter":{"Array_Location_List_Optional_Approval":["Succeeded"]},"type":"InitializeVariable","inputs":{"variables":[{"name":"Array Eamil Optioanl Approvar 1","type":"Array"}]}},"Array_Notify_Email_1":{"runAfter":{"Array_Eamil_Optioanl_Approvar_1":["Succeeded"]},"type":"InitializeVariable","inputs":{"variables":[{"name":"Array Notify Email 1","type":"Array"}]}},"Array_Display_Name_Location_Optional_1":{"runAfter":{"Array_Notify_Email_1":["Succeeded"]},"type":"InitializeVariable","inputs":{"variables":[{"name":"Array Display Name Location Optional 1","type":"Array"}]}},"Display_Name_Location_Optional_1":{"runAfter":{"Array_Display_Name_Location_Optional_1":["Succeeded"]},"type":"InitializeVariable","inputs":{"variables":[{"name":"Display Name Location Optional 1","type":"String"}]}},"Location_Optional_Approver_Display_Name":{"runAfter":{"Display_Name_Location_Optional_1":["Succeeded"]},"type":"InitializeVariable","inputs":{"variables":[{"name":"Location Optional Approver Display Name","type":"String"}]}},"Optional_Approval_Text":{"runAfter":{"Location_Optional_Approver_Display_Name":["Succeeded"]},"type":"InitializeVariable","inputs":{"variables":[{"name":"Optional Approval Text","type":"String"}]}},"Is_Any_Location_And_Main_Optional_Are_Match":{"runAfter":{"Optional_Approval_Text":["Succeeded"]},"type":"InitializeVariable","inputs":{"variables":[{"name":"Is Any Location And Main Optional Are Match","type":"Boolean"}]}},"Array_Eamil_Optioanl_Approvar_2":{"runAfter":{"Is_Any_Location_And_Main_Optional_Are_Match":["Succeeded"]},"type":"InitializeVariable","inputs":{"variables":[{"name":"Array Eamil Optioanl Approvar 2","type":"Array"}]}},"Array_Display_Name_Location_Optional_2":{"runAfter":{"Array_Eamil_Optioanl_Approvar_2":["Succeeded"]},"type":"InitializeVariable","inputs":{"variables":[{"name":"Array Display Name Location Optional 2","type":"Array"}]}},"Display_Name_Location_Optional_2":{"runAfter":{"Array_Display_Name_Location_Optional_2":["Succeeded"]},"type":"InitializeVariable","inputs":{"variables":[{"name":"Display Name Location Optional 2","type":"String"}]}},"Array_Eamil_Optioanl_Approvar_3":{"runAfter":{"Display_Name_Location_Optional_2":["Succeeded"]},"type":"InitializeVariable","inputs":{"variables":[{"name":"Array Eamil Optioanl Approvar 3","type":"Array"}]}},"Array_Display_Name_Location_Optional_3":{"runAfter":{"Array_Eamil_Optioanl_Approvar_3":["Succeeded"]},"type":"InitializeVariable","inputs":{"variables":[{"name":"Array Display Name Location Optional 3","type":"Array"}]}},"Display_Name_Location_Optional_3":{"runAfter":{"Array_Display_Name_Location_Optional_3":["Succeeded"]},"type":"InitializeVariable","inputs":{"variables":[{"name":"Display Name Location Optional 3","type":"String"}]}},"Array_Location_Optional_Approvar":{"runAfter":{"Display_Name_Location_Optional_3":["Succeeded"]},"type":"InitializeVariable","inputs":{"variables":[{"name":"Array Location Optional Approvar","type":"Array"}]}},"Exists_In_Array":{"runAfter":{"Array_Location_Optional_Approvar":["Succeeded"]},"type":"InitializeVariable","inputs":{"variables":[{"name":"Exists In Array","type":"Boolean"}]}},"Array_Location_List_Optional_Approval_Final":{"runAfter":{"Exists_In_Array":["Succeeded"]},"type":"InitializeVariable","inputs":{"variables":[{"name":"Array Location List Optional Approval Final","type":"Array"}]}},"LocationApproval1":{"runAfter":{"Array_Location_List_Optional_Approval_Final":["Succeeded"]},"type":"InitializeVariable","inputs":{"variables":[{"name":"LocationApproval1","type":"String"}]}},"Apply_to_each_9":{"foreach":"@body('Get_Managers_etc')?['value']","actions":{"Append_to_string_variable":{"runAfter":{"Append_to_string_variable_Purchasing_Manager":["Succeeded"]},"type":"AppendToStringVariable","inputs":{"name":"LocationApproval1","value":"Plant Controller<re>@{items('Apply_to_each_9')?['PlantController']?['DisplayName']}<br>"}},"Condition":{"actions":{"Append_to_string_variable_Department_Manager":{"runAfter":{},"type":"AppendToStringVariable","inputs":{"name":"LocationApproval1","value":"Requester’s Manager<re>@{body('Get_manager_(V2)')?['displayName']}<br>"}}},"runAfter":{},"expression":{"not":{"equals":["@body('Get_manager_(V2)')?['mail']","@null"]}},"type":"If"},"Append_to_string_variable_Purchasing_Manager":{"runAfter":{"Condition":["Succeeded"]},"type":"AppendToStringVariable","inputs":{"name":"LocationApproval1","value":"Purchasing Manager<re>@{items('Apply_to_each_9')?['PurchasingManager']?['DisplayName']}<br>"}}},"runAfter":{"Get_Managers_etc":["Succeeded"]},"type":"Foreach"},"CMER_Assignment":{"runAfter":{},"type":"InitializeVariable","inputs":{"variables":[{"name":"CMER Assignment","type":"string"}]}},"Respond_to_a_PowerApp_or_flow":{"runAfter":{"Apply_to_each":["Succeeded"]},"type":"Response","kind":"PowerApp","inputs":{"statusCode":200,"body":{"locationapproval1":"@variables('LocationApproval1')","locationoptionalapproval":"@variables('LocationOptionalApproval')","locationapproval2":"@variables('LocationApproval2')","location_list_optional_approval_ids":"@{join(variables('Array Location List Optional Approval'),';')}","optional_approval_routing":"@{join(variables('Array Main Optional Approver'),';')}","cmer_assignment":"@variables('CMER Assignment')"},"schema":{"type":"object","properties":{"locationapproval1":{"title":"LocationApproval1","x-ms-dynamically-added":true,"type":"string"},"locationoptionalapproval":{"title":"LocationOptionalApproval","x-ms-dynamically-added":true,"type":"string"},"locationapproval2":{"title":"LocationApproval2","x-ms-dynamically-added":true,"type":"string"},"location_list_optional_approval_ids":{"title":"Location List Optional Approval IDs","x-ms-dynamically-added":true,"type":"string"},"optional_approval_routing":{"title":"Optional Approval Routing","x-ms-dynamically-added":true,"type":"string"},"cmer_assignment":{"title":"CMER Assignment","x-ms-dynamically-added":true,"type":"string"}}}}},"Increment_Variable":{"runAfter":{"Initialize_variable":["Succeeded"]},"type":"InitializeVariable","inputs":{"variables":[{"name":"IncrementVariable","type":"Integer"}]}},"Apply_to_each_10":{"foreach":"@variables('Array Location Optional Approvar')","actions":{"Set_variable_20":{"runAfter":{},"type":"SetVariable","inputs":{"name":"Array Location Optional Approver Display Name","value":"@split(items('Apply_to_each_10')['ApproverDisplayName'], '_')"}},"Set_variable_23":{"runAfter":{"Set_variable_10":["Succeeded"]},"type":"SetVariable","inputs":{"name":"Array Optional Approval Text","value":"@split(items('Apply_to_each_10')['OptionalApprovalText'], '_')"}},"Set_variable_10":{"runAfter":{"Set_variable_20":["Succeeded"]},"type":"SetVariable","inputs":{"name":"Array Of Approver","value":"@split(items('Apply_to_each_10')['Approver'], '_')"}},"Apply_to_each_14":{"foreach":"@variables('Array Of Approver')","actions":{"Set_variable_11":{"runAfter":{},"type":"SetVariable","inputs":{"name":"Approvar Display Name Location Optional","value":"@{variables('Array Location Optional Approver Display Name')[variables('IncrementVariable')]}"}},"Set_variable_13":{"runAfter":{"Set_variable_11":["Succeeded"]},"type":"SetVariable","inputs":{"name":"Optional Approval Detail Text","value":"@{variables('Array Optional Approval Text')[variables('IncrementVariable')]}"}},"Increment_variable_2":{"runAfter":{"Append_to_string_variable_11":["Succeeded"]},"type":"IncrementVariable","inputs":{"name":"IncrementVariable","value":1}},"Append_to_string_variable_11":{"runAfter":{"Set_variable_13":["Succeeded"]},"type":"AppendToStringVariable","inputs":{"name":"LocationOptionalApproval","value":"Optional Approver: @{variables('Optional Approval Detail Text')}<re>@{variables('Approvar Display Name Location Optional')}<br>"}}},"runAfter":{"Set_variable_23":["Succeeded"]},"type":"Foreach"}},"runAfter":{"Condition_Check_No_Optional_Approval":["Succeeded"]},"type":"Foreach"},"Array_Location_Optional_Approver_Display_Name":{"runAfter":{"Increment_Variable":["Succeeded"]},"type":"InitializeVariable","inputs":{"variables":[{"name":"Array Location Optional Approver Display Name","type":"Array"}]}},"Array_Optional_Approval_Text":{"runAfter":{"Array_Location_Optional_Approver_Display_Name":["Succeeded"]},"type":"InitializeVariable","inputs":{"variables":[{"name":"Array Optional Approval Text","type":"Array"}]}},"Array_Of_Approver":{"runAfter":{"Array_Optional_Approval_Text":["Succeeded"]},"type":"InitializeVariable","inputs":{"variables":[{"name":"Array Of Approver","type":"Array"}]}},"Array_Eamil_Optional_Approvar_1":{"runAfter":{"Array_Of_Approver":["Succeeded"]},"type":"InitializeVariable","inputs":{"variables":[{"name":"Array Eamil Optional Approvar 1","type":"Array"}]}},"Array_Eamil_Optional_Approvar_2":{"runAfter":{"Array_Eamil_Optional_Approvar_1":["Succeeded"]},"type":"InitializeVariable","inputs":{"variables":[{"name":"Array Eamil Optional Approvar 2","type":"Array"}]}},"Array_Eamil_Optional_Approvar_3":{"runAfter":{"Array_Eamil_Optional_Approvar_2":["Succeeded"]},"type":"InitializeVariable","inputs":{"variables":[{"name":"Array Eamil Optional Approvar 3","type":"Array"}]}},"Email_Optional_Approvar_1":{"runAfter":{"Array_Eamil_Optional_Approvar_3":["Succeeded"]},"type":"InitializeVariable","inputs":{"variables":[{"name":"Email Optional Approvar 1","type":"String"}]}},"Email_Optional_Approvar_2":{"runAfter":{"Email_Optional_Approvar_1":["Succeeded"]},"type":"InitializeVariable","inputs":{"variables":[{"name":"Email Optional Approvar 2","type":"String"}]}},"Email_Optional_Approvar_3":{"runAfter":{"Email_Optional_Approvar_2":["Succeeded"]},"type":"InitializeVariable","inputs":{"variables":[{"name":"Email Optional Approvar 3","type":"String"}]}},"Approver":{"runAfter":{"Email_Optional_Approvar_3":["Succeeded"]},"type":"InitializeVariable","inputs":{"variables":[{"name":"Approver","type":"String"}]}},"Approvar_Display_Name_Location_Optional":{"runAfter":{"Approver":["Succeeded"]},"type":"InitializeVariable","inputs":{"variables":[{"name":"Approvar Display Name Location Optional","type":"String"}]}},"Optional_Approval_Detail_Text":{"runAfter":{"Approvar_Display_Name_Location_Optional":["Succeeded"]},"type":"InitializeVariable","inputs":{"variables":[{"name":"Optional Approval Detail Text","type":"String"}]}},"Array_MainOptional_Approval":{"runAfter":{"Optional_Approval_Detail_Text":["Succeeded"]},"type":"InitializeVariable","inputs":{"variables":[{"name":"Array 2Optional Approval","type":"Array"}]}},"Array_MainOptional_Approval_DisplayName":{"runAfter":{"Array_MainOptional_Approval":["Succeeded"]},"type":"InitializeVariable","inputs":{"variables":[{"name":"Array 2Optional Approval DisplayName","type":"Array"}]}},"2Optional_Approval_displayName":{"runAfter":{"Array_MainOptional_Approval_DisplayName":["Succeeded"]},"type":"InitializeVariable","inputs":{"variables":[{"name":"2Optional Approval displayName","type":"String"}]}},"Go_to_CMER_Assignment_Stage":{"runAfter":{"2Optional_Approval_displayName":["Succeeded"]},"type":"InitializeVariable","inputs":{"variables":[{"name":"Go to CMER Assignment Stage","type":"Boolean","value":false}]}},"Apply_to_each_19_Facilities_OperationPlant_and_Mgr_corp_dev_manager":{"foreach":"@body('Get_Managers_etc')?['value']","actions":{"Append_to_string_variable_15":{"runAfter":{},"type":"AppendToStringVariable","inputs":{"name":"LocationApproval2","value":"Facilities Manager<re>@{items('Apply_to_each_19_Facilities_OperationPlant_and_Mgr_corp_dev_manager')?['FacilitiesManager']?['DisplayName']}<br>"}},"Append_to_string_variable_16":{"runAfter":{"Append_to_string_variable_15":["Succeeded"]},"type":"AppendToStringVariable","inputs":{"name":"LocationApproval2","value":"Operation/Plant Manager<re>@{items('Apply_to_each_19_Facilities_OperationPlant_and_Mgr_corp_dev_manager')?['OperationPlantManager']?['DisplayName']}<br>"}},"Append_to_string_variable_25":{"runAfter":{"Append_to_string_variable_16":["Succeeded"]},"type":"AppendToStringVariable","inputs":{"name":"LocationApproval2","value":"Mgr. Corp. Development<re>@{items('Apply_to_each_19_Facilities_OperationPlant_and_Mgr_corp_dev_manager')?['MgrCorpDevelopment']?['DisplayName']}<br>"}}},"runAfter":{"Apply_to_each_10":["Succeeded"]},"type":"Foreach"},"Array_Additional_Approver":{"runAfter":{"Go_to_CMER_Assignment_Stage":["Succeeded"]},"type":"InitializeVariable","inputs":{"variables":[{"name":"Array Additional Approver","type":"Array"}]}},"Additional_Approval_Title":{"runAfter":{"Array_Additional_Approver":["Succeeded"]},"type":"InitializeVariable","inputs":{"variables":[{"name":"Additional Approval Title","type":"String"}]}},"Apply_to_each":{"foreach":"@body('Get_CMER_Assignment')?['value']","actions":{"Set_variable":{"runAfter":{},"type":"SetVariable","inputs":{"name":"CMER Assignment","value":"CMER Assignment<re>@{items('Apply_to_each')?['CMERAssignment']?['DisplayName']}<br>"}}},"runAfter":{"Apply_to_each_7":["Succeeded"]},"type":"Foreach"},"Initialize_variable":{"runAfter":{"LocationOptionalApproval":["Succeeded"]},"type":"InitializeVariable","inputs":{"variables":[{"name":"LocationApproval2","type":"string"}]}},"LocationOptionalApproval":{"runAfter":{"LocationApproval1":["Succeeded"]},"type":"InitializeVariable","inputs":{"variables":[{"name":"LocationOptionalApproval","type":"string"}]}},"Get_items_CMER_Process_by_ID":{"runAfter":{"NetCost":["Succeeded"]},"metadata":{"flowSystemMetadata":{"swaggerOperationId":"GetItems"}},"type":"ApiConnection","inputs":{"host":{"connection":{"name":"@json(decodeBase64(triggerOutputs().headers['X-MS-APIM-Tokens']))['$connections']['shared_sharepointonline']['connectionId']"},"api":{"runtimeUrl":"https://unitedstates-002.azure-apim.net/apim/sharepointonline"}},"method":"get","path":"/datasets/@{encodeURIComponent(encodeURIComponent('https://avxcorp.sharepoint.com/sites/CMERAutomation'))}/tables/@{encodeURIComponent(encodeURIComponent('04c3328b-85e8-4bc3-b8b5-24b016453c15'))}/items","queries":{"$filter":"ID eq @{triggerBody()['CMERItemID_Value']}","$top":1},"authentication":{"type":"Raw","value":"@json(decodeBase64(triggerOutputs().headers['X-MS-APIM-Tokens']))['$ConnectionKey']"}}},"User_Principal_Name":{"runAfter":{"Additional_Approval_Title":["Succeeded"]},"type":"InitializeVariable","inputs":{"variables":[{"name":"User Principal Name","type":"string"}]}},"Get_manager_(V2)":{"runAfter":{"Apply_to_each_6":["Succeeded"]},"metadata":{"flowSystemMetadata":{"swaggerOperationId":"Manager_V2"}},"type":"ApiConnection","inputs":{"host":{"connection":{"name":"@json(decodeBase64(triggerOutputs().headers['X-MS-APIM-Tokens']))['$connections']['shared_office365users']['connectionId']"},"api":{"runtimeUrl":"https://unitedstates-002.azure-apim.net/apim/office365users"}},"method":"get","path":"/codeless/v1.0/users/@{encodeURIComponent(variables('User Principal Name'))}/manager","authentication":{"type":"Raw","value":"@json(decodeBase64(triggerOutputs().headers['X-MS-APIM-Tokens']))['$ConnectionKey']"}}},"Apply_to_each_6":{"foreach":"@body('Get_items_CMER_Process_by_ID')?['value']","actions":{"Get_user_profile_(V2)":{"runAfter":{},"metadata":{"flowSystemMetadata":{"swaggerOperationId":"UserProfile_V2"}},"type":"ApiConnection","inputs":{"host":{"connection":{"name":"@json(decodeBase64(triggerOutputs().headers['X-MS-APIM-Tokens']))['$connections']['shared_office365users']['connectionId']"},"api":{"runtimeUrl":"https://unitedstates-002.azure-apim.net/apim/office365users"}},"method":"get","path":"/codeless/v1.0/users/@{encodeURIComponent(items('Apply_to_each_6')?['Requestor']?['Email'])}","authentication":{"type":"Raw","value":"@json(decodeBase64(triggerOutputs().headers['X-MS-APIM-Tokens']))['$ConnectionKey']"}}},"Set_variable_14":{"runAfter":{"Get_user_profile_(V2)":["Succeeded"]},"type":"SetVariable","inputs":{"name":"User Principal Name","value":"@body('Get_user_profile_(V2)')?['userPrincipalName']"}}},"runAfter":{"Apply_to_each_8":["Succeeded"]},"type":"Foreach"},"Get_items_Amount_10000":{"runAfter":{"Apply_to_each_19_Facilities_OperationPlant_and_Mgr_corp_dev_manager":["Succeeded"]},"metadata":{"flowSystemMetadata":{"swaggerOperationId":"GetItems"}},"type":"ApiConnection","inputs":{"host":{"connection":{"name":"@json(decodeBase64(triggerOutputs().headers['X-MS-APIM-Tokens']))['$connections']['shared_sharepointonline']['connectionId']"},"api":{"runtimeUrl":"https://unitedstates-002.azure-apim.net/apim/sharepointonline"}},"method":"get","path":"/datasets/@{encodeURIComponent(encodeURIComponent('https://avxcorp.sharepoint.com/sites/CMERAutomation'))}/tables/@{encodeURIComponent(encodeURIComponent('26aa1707-516e-45cf-8157-86c063a58db2'))}/items","queries":{"$filter":"Key eq 'RequestedAmount_Second'"},"authentication":{"type":"Raw","value":"@json(decodeBase64(triggerOutputs().headers['X-MS-APIM-Tokens']))['$ConnectionKey']"}}},"Apply_to_each_7":{"foreach":"@body('Get_items_Amount_10000')?['value']","actions":{"Compose_10000":{"runAfter":{},"type":"Compose","inputs":"@items('Apply_to_each_7')?['Value']"},"Condition_2":{"actions":{"Apply_to_each_7_for_Division_Controller_and_VP":{"foreach":"@body('Get_CMER_Assignment')?['value']","actions":{"Append_to_string_variable_12":{"runAfter":{},"type":"AppendToStringVariable","inputs":{"name":"LocationApproval2","value":"Division Controller<re>@{items('Apply_to_each_7_for_Division_Controller_and_VP')?['DivisionController']?['DisplayName']}<br>"}},"Append_to_string_variable_13":{"runAfter":{"Append_to_string_variable_12":["Succeeded"]},"type":"AppendToStringVariable","inputs":{"name":"LocationApproval2","value":"VP<re>@{items('Apply_to_each_7_for_Division_Controller_and_VP')?['VP']?['DisplayName']}<br>"}}},"runAfter":{},"type":"Foreach"}},"runAfter":{"Compose_10000":["Succeeded"]},"expression":{"greater":["@float(variables('NetCost'))","@float(outputs('Compose_10000'))"]},"type":"If"}},"runAfter":{"Get_items_Amount_10000":["Succeeded"]},"type":"Foreach"},"NetCost":{"runAfter":{"User_Principal_Name":["Succeeded"]},"type":"InitializeVariable","inputs":{"variables":[{"name":"NetCost","type":"string"}]}},"Apply_to_each_8":{"foreach":"@body('Get_items_CMER_Process_by_ID')?['value']","actions":{"Set_variable_17_Net_Cost":{"runAfter":{},"type":"SetVariable","inputs":{"name":"NetCost","value":"@items('Apply_to_each_8')?['NetCostUS1']"}}},"runAfter":{"Get_items_CMER_Process_by_ID":["Succeeded"]},"type":"Foreach"}},"outputs":{}},"connectionReferences":{"shared_sharepointonline":{"connectionName":"ad1837a86a7a49c79f81b310946c6b55","source":"Invoker","id":"/providers/Microsoft.PowerApps/apis/shared_sharepointonline","tier":"NotSpecified"},"shared_office365users":{"connectionName":"079bd38245b54045a776f11fabed4e57","source":"Invoker","id":"/providers/Microsoft.PowerApps/apis/shared_office365users","tier":"NotSpecified"}},"flowFailureAlertSubscribed":false}}