{"name":"74dfd7af-31f1-4654-ba13-6b2476a3cd21","id":"/providers/Microsoft.Flow/flows/74dfd7af-31f1-4654-ba13-6b2476a3cd21","type":"Microsoft.Flow/flows","properties":{"apiId":"/providers/Microsoft.PowerApps/apis/shared_logicflows","displayName":"CheckPermission","definition":{"metadata":{"workflowEntityId":null,"creator":{"id":"31783ea4-ee13-43d8-a628-1f787078070c","type":"User","tenantId":"387ee3eb-961a-45f7-be9e-e820e8f8c0b5"},"provisioningMethod":"FromDefinition","failureAlertSubscription":true,"clientLastModifiedTime":"2020-01-20T12:45:02.5471325Z"},"$schema":"https://schema.management.azure.com/providers/Microsoft.Logic/schemas/2016-06-01/workflowdefinition.json#","contentVersion":"1.0.0.0","parameters":{"$connections":{"defaultValue":{},"type":"Object"},"$authentication":{"defaultValue":{},"type":"SecureObject"}},"triggers":{"manual":{"type":"Request","kind":"PowerApp","inputs":{"schema":{"type":"object","properties":{"GroupType_Value":{"type":"string","description":"Enter initial value","x-ms-powerflows-param-ispartial":false},"SendanHTTPrequesttoSharePoint_Uri":{"type":"string","description":"Example: _api/web/lists/getbytitle('Documents'). This parameter is used as part of \"8C0DDCFF-A566-4D91-B9B2-CCBABFF0C8AC\"","x-ms-powerflows-param-ispartial":true}},"required":["GroupType_Value","SendanHTTPrequesttoSharePoint_Uri"]}}}},"actions":{"IsAdmin":{"runAfter":{},"type":"InitializeVariable","inputs":{"variables":[{"name":"IsAdmin","type":"Boolean","value":false}]}},"IsMember":{"runAfter":{"IsAdmin":["Succeeded"]},"type":"InitializeVariable","inputs":{"variables":[{"name":"IsMember","type":"Boolean","value":false}]}},"GroupType":{"runAfter":{"Member_UserGroupInfo":["Succeeded"]},"type":"InitializeVariable","inputs":{"variables":[{"name":"GroupType","type":"String","value":"@triggerBody()['GroupType_Value']"}]}},"Condition":{"actions":{"CheckUserGroup":{"runAfter":{},"metadata":{"flowSystemMetadata":{"swaggerOperationId":"HttpRequest"}},"type":"ApiConnection","inputs":{"host":{"connection":{"name":"@json(decodeBase64(triggerOutputs().headers['X-MS-APIM-Tokens']))['$connections']['shared_sharepointonline']['connectionId']"},"api":{"runtimeUrl":"https://unitedstates-002.azure-apim.net/apim/sharepointonline"}},"method":"post","body":{"method":"GET","uri":"/_api/web/currentUser/issiteadmin"},"path":"/datasets/@{encodeURIComponent(encodeURIComponent('https://avxcorp.sharepoint.com/sites/CMERAutomation'))}/httprequest","authentication":{"type":"Raw","value":"@json(decodeBase64(triggerOutputs().headers['X-MS-APIM-Tokens']))['$ConnectionKey']"}}},"Set_variable":{"runAfter":{"CheckUserGroup":["Succeeded"]},"type":"SetVariable","inputs":{"name":"AdminUserGroupInfo","value":"@{body('CheckUserGroup')['d']['IsSiteAdmin']}"}},"Condition_2":{"actions":{"Set_variable_3":{"runAfter":{},"type":"SetVariable","inputs":{"name":"IsAdmin","value":true}}},"runAfter":{"Parse_JSON":["Succeeded"]},"else":{"actions":{"Set_variable_4":{"runAfter":{},"type":"SetVariable","inputs":{"name":"IsAdmin","value":false}}}},"expression":{"equals":["@body('Parse_JSON')?['d']?['IsSiteAdmin']",true]},"type":"If"},"Parse_JSON":{"runAfter":{"Set_variable":["Succeeded"]},"type":"ParseJson","inputs":{"content":"@body('CheckUserGroup')","schema":{"type":"object","properties":{"d":{"type":"object","properties":{"IsSiteAdmin":{"type":"boolean"}}}}}}}},"runAfter":{"GroupType":["Succeeded"]},"else":{"actions":{"CheckUserGroupMember":{"runAfter":{},"metadata":{"flowSystemMetadata":{"swaggerOperationId":"HttpRequest"}},"type":"ApiConnection","inputs":{"host":{"connection":{"name":"@json(decodeBase64(triggerOutputs().headers['X-MS-APIM-Tokens']))['$connections']['shared_sharepointonline']['connectionId']"},"api":{"runtimeUrl":"https://unitedstates-002.azure-apim.net/apim/sharepointonline"}},"method":"post","body":{"method":"GET","uri":"/_api/web/sitegroups/getByName('@{triggerBody()['GroupType_Value']}')/Users?$filter=Email eq '@{triggerBody()['SendanHTTPrequesttoSharePoint_Uri']}'"},"path":"/datasets/@{encodeURIComponent(encodeURIComponent('https://avxcorp.sharepoint.com/sites/CMERAutomation'))}/httprequest","authentication":{"type":"Raw","value":"@json(decodeBase64(triggerOutputs().headers['X-MS-APIM-Tokens']))['$ConnectionKey']"}}},"Set_variable_2":{"runAfter":{"CheckUserGroupMember":["Succeeded"]},"type":"SetVariable","inputs":{"name":"MemberUserGroupInfo","value":"@{body('CheckUserGroupMember')['d']['results']}"}},"Condition_3":{"actions":{"Set_variable_6":{"runAfter":{},"type":"SetVariable","inputs":{"name":"IsMember","value":false}}},"runAfter":{"Set_variable_2":["Succeeded"]},"else":{"actions":{"Set_variable_5":{"runAfter":{},"type":"SetVariable","inputs":{"name":"IsMember","value":true}}}},"expression":{"equals":["@equals(variables('MemberUserGroupInfo'), '[]')",true]},"type":"If"}}},"expression":{"equals":["@triggerBody()['GroupType_Value']","Admin"]},"type":"If"},"Admin_UserGroupInfo":{"runAfter":{"IsMember":["Succeeded"]},"type":"InitializeVariable","inputs":{"variables":[{"name":"AdminUserGroupInfo","type":"String"}]}},"Member_UserGroupInfo":{"runAfter":{"Admin_UserGroupInfo":["Succeeded"]},"type":"InitializeVariable","inputs":{"variables":[{"name":"MemberUserGroupInfo","type":"String"}]}},"Respond_to_a_PowerApp_or_flow":{"runAfter":{"Condition":["Succeeded"]},"type":"Response","kind":"PowerApp","inputs":{"statusCode":200,"body":{"isadmin":"@{variables('IsAdmin')}","ismember":"@{variables('IsMember')}"},"schema":{"type":"object","properties":{"isadmin":{"title":"IsAdmin","x-ms-dynamically-added":true,"type":"string"},"ismember":{"title":"IsMember","x-ms-dynamically-added":true,"type":"string"}}}}}},"outputs":{}},"connectionReferences":{"shared_sharepointonline":{"connectionName":"ad1837a86a7a49c79f81b310946c6b55","source":"Invoker","id":"/providers/Microsoft.PowerApps/apis/shared_sharepointonline","tier":"NotSpecified"}},"flowFailureAlertSubscribed":false}}