{"name":"9eea9832-e84e-4a70-a3d9-e709c4bf5d45","id":"/providers/Microsoft.Flow/flows/9eea9832-e84e-4a70-a3d9-e709c4bf5d45","type":"Microsoft.Flow/flows","properties":{"apiId":"/providers/Microsoft.PowerApps/apis/shared_logicflows","displayName":"CMER Print Form","definition":{"metadata":{"workflowEntityId":null,"creator":{"id":"31783ea4-ee13-43d8-a628-1f787078070c","type":"User","tenantId":"387ee3eb-961a-45f7-be9e-e820e8f8c0b5"},"provisioningMethod":"FromDefinition","failureAlertSubscription":true,"clientLastModifiedTime":"2020-02-03T07:03:41.167803Z"},"$schema":"https://schema.management.azure.com/providers/Microsoft.Logic/schemas/2016-06-01/workflowdefinition.json#","contentVersion":"1.0.0.0","parameters":{"$connections":{"defaultValue":{},"type":"Object"},"$authentication":{"defaultValue":{},"type":"SecureObject"}},"triggers":{"manual":{"type":"Request","kind":"PowerApp","inputs":{"schema":{"type":"object","properties":{"Compose_Inputs":{"type":"any","description":"Inputs","x-ms-powerflows-param-ispartial":false}},"required":["Compose_Inputs"]}},"conditions":[]}},"actions":{"Compose":{"runAfter":{},"type":"Compose","inputs":"@triggerBody()['Compose_Inputs']"},"Create_file":{"runAfter":{"Initialize_variable":["Succeeded"]},"metadata":{"flowSystemMetadata":{"swaggerOperationId":"CreateFile"}},"type":"ApiConnection","inputs":{"host":{"connection":{"name":"@json(decodeBase64(triggerOutputs().headers['X-MS-APIM-Tokens']))['$connections']['shared_onedriveforbusiness_2']['connectionId']"},"api":{"runtimeUrl":"https://unitedstates-002.azure-apim.net/apim/onedriveforbusiness"}},"method":"post","body":"@outputs('Compose')","path":"/datasets/default/files","queries":{"folderPath":"/","name":"@{concat('one','.html')}"},"authentication":{"type":"Raw","value":"@json(decodeBase64(triggerOutputs().headers['X-MS-APIM-Tokens']))['$ConnectionKey']"}},"runtimeConfiguration":{"contentTransfer":{"transferMode":"Chunked"}}},"Convert_file_using_path":{"runAfter":{"Create_file":["Succeeded"]},"metadata":{"flowSystemMetadata":{"swaggerOperationId":"ConvertFileByPath"}},"type":"ApiConnection","inputs":{"host":{"connection":{"name":"@json(decodeBase64(triggerOutputs().headers['X-MS-APIM-Tokens']))['$connections']['shared_onedriveforbusiness_1']['connectionId']"},"api":{"runtimeUrl":"https://unitedstates-002.azure-apim.net/apim/onedriveforbusiness"}},"method":"get","path":"/datasets/default/ConvertFileByPath","queries":{"path":"@body('Create_file')?['Path']","type":"PDF"},"authentication":{"type":"Raw","value":"@json(decodeBase64(triggerOutputs().headers['X-MS-APIM-Tokens']))['$ConnectionKey']"}}},"Save_PDF_in_One_Drive":{"runAfter":{"Convert_file_using_path":["Succeeded"]},"metadata":{"flowSystemMetadata":{"swaggerOperationId":"CreateFile"}},"type":"ApiConnection","inputs":{"host":{"connection":{"name":"@json(decodeBase64(triggerOutputs().headers['X-MS-APIM-Tokens']))['$connections']['shared_onedriveforbusiness_1']['connectionId']"},"api":{"runtimeUrl":"https://unitedstates-002.azure-apim.net/apim/onedriveforbusiness"}},"method":"post","body":"@body('Convert_file_using_path')","path":"/datasets/default/files","queries":{"folderPath":"/","name":"@{concat('print','.pdf')}"},"authentication":{"type":"Raw","value":"@json(decodeBase64(triggerOutputs().headers['X-MS-APIM-Tokens']))['$ConnectionKey']"}},"runtimeConfiguration":{"contentTransfer":{"transferMode":"Chunked"}}},"Create_share_link":{"runAfter":{"Save_PDF_in_One_Drive":["Succeeded"]},"metadata":{"flowSystemMetadata":{"swaggerOperationId":"CreateShareLink"}},"type":"ApiConnection","inputs":{"host":{"connection":{"name":"@json(decodeBase64(triggerOutputs().headers['X-MS-APIM-Tokens']))['$connections']['shared_onedriveforbusiness_1']['connectionId']"},"api":{"runtimeUrl":"https://unitedstates-002.azure-apim.net/apim/onedriveforbusiness"}},"method":"post","path":"/datasets/default/files/@{encodeURIComponent(encodeURIComponent(body('Save_PDF_in_One_Drive')?['Id']))}/share","queries":{"type":"View","scope":"Organization"},"authentication":{"type":"Raw","value":"@json(decodeBase64(triggerOutputs().headers['X-MS-APIM-Tokens']))['$ConnectionKey']"}}},"Respond_to_a_PowerApp_or_flow":{"runAfter":{"Set_variable":["Succeeded"]},"type":"Response","kind":"PowerApp","inputs":{"statusCode":200,"body":{"url":"@variables('web_url')","pdf":"@body('Create_share_link')?['WebUrl']"},"schema":{"type":"object","properties":{"url":{"title":"url","x-ms-dynamically-added":true,"type":"string"},"pdf":{"title":"PDF","x-ms-dynamically-added":true,"type":"string","format":"byte"}}}}},"Initialize_variable":{"runAfter":{"Compose":["Succeeded"]},"type":"InitializeVariable","inputs":{"variables":[{"name":"web_url","type":"String"}]}},"Set_variable":{"runAfter":{"Create_share_link":["Succeeded"]},"type":"SetVariable","inputs":{"name":"web_url","value":"@body('Create_share_link')?['WebUrl']"}}},"outputs":{},"description":"Create one or more actions to happen when a button or link in PowerApps is selected. To use this flow from a PowerApp, select the control you want to trigger the flow and go to the Action tab in the PowerApps ribbon and select Flows."},"connectionReferences":{"shared_onedriveforbusiness_2":{"connectionName":"shared-onedriveforbu-cd66d59c-252b-45be-83d5-56ebc208b891","source":"Invoker","id":"/providers/Microsoft.PowerApps/apis/shared_onedriveforbusiness","tier":"NotSpecified"},"shared_onedriveforbusiness_1":{"connectionName":"shared-onedriveforbu-5c929305-7fcf-46e2-96d7-b41597d28fc0","source":"Invoker","id":"/providers/Microsoft.PowerApps/apis/shared_onedriveforbusiness","tier":"NotSpecified"}},"flowFailureAlertSubscribed":false}}