{"schemaVersion":"1.0","appDefinitionTemplate":{"id":"/providers/Microsoft.PowerApps/apps/","type":"Microsoft.PowerApps/apps","tags":{"primaryDeviceWidth":"1024","primaryDeviceHeight":"768","sienaVersion":"20200710T142251Z-3.20063.13.0","deviceCapabilities":"","supportsPortrait":"false","supportsLandscape":"true","primaryFormFactor":"Tablet","publisherVersion":"3.20063.13","minimumRequiredApiVersion":"2.2.0","hasComponent":"false","hasNonOOBComponent":"false","hasUnlockedComponent":"false","isUnifiedRootApp":"false"},"properties":{"appVersion":"2020-07-10T14:22:51Z","lifeCycleId":"Published","createdByClientVersion":{"major":3,"minor":20063,"build":13,"revision":0,"majorRevision":0,"minorRevision":0},"minClientVersion":{"major":3,"minor":20063,"build":13,"revision":0,"majorRevision":0,"minorRevision":0},"backgroundColor":"rgba(104, 101, 171, 1)","backgroundImageUri":"/16801457223228202050/N878e4d65-81cf-409d-b330-c8d37229a954-logoSmallFile","displayName":"CMERProcess","description":"Track service requests, assignments, and job status for the whole team-without going back to your desk. Prioritize jobs quickly, add notes, and track tasks by the technician assigned. This app will open with sample data.","commitMessage":"","appUris":{"documentUri":{"value":"/16801457223228202050/Nf611c0f6-5a56-4f8c-94ba-2e2294c6da04-document.msapp","readonlyValue":"/16801457223228202050/Nf611c0f6-5a56-4f8c-94ba-2e2294c6da04-document.msapp"},"imageUris":[]},"createdTime":"0001-01-01T00:00:00Z","lastModifiedTime":"0001-01-01T00:00:00Z","sharedGroupsCount":0,"sharedUsersCount":0,"icons":{"smallIconUri":"/16801457223228202050/Nda5ec09b-0fb6-4516-9d91-d2f05fe396f3-small.png","mediumIconUri":"/16801457223228202050/N5de32760-ce68-4b87-8382-325fe7531f13-medium.png","largeIconUri":"/16801457223228202050/N46ea1e74-db76-454b-985d-f472958ebd79-large.png","wideIconUri":"/16801457223228202050/N11e87800-9b9d-41e9-b5ee-ca3317d0d748-wide.png"},"connectionReferences":{"1aa37d69-2d5f-4a08-98b5-711b27ba7c8d":{"id":"1a780166-3003-4b5d-a09e-7a9a90fa9503","displayName":"SharePoint","iconUri":"https://connectoricons-prod.azureedge.net/sharepointonline/icon_1.0.1363.2042.png","dataSources":["Requests","CMER","CMER Process","ApprovalList","CMERProcess_5","Division_2","Divisions","Location/Dept_2"],"dependencies":[],"dependents":[],"parameterHints":{},"isOnPremiseConnection":false,"bypassConsent":false,"dataSets":{"https://avxcorp.sharepoint.com/sites/CMERAutomation":{"dataSources":{"Requests":{"tableName":"15c2b5db-e884-416e-bd98-4547eaa710d9"},"CMER":{"tableName":"ea4c91dd-a508-48a7-bf2d-ab0dcd43aa27"},"CMER Process":{"tableName":"dd94fce1-5ee5-458d-9637-76aab76a1ea8"},"ApprovalList":{"tableName":"0aaabd5f-6f3b-4f88-b430-4be0afaae747"},"CMERProcess_5":{"tableName":"04c3328b-85e8-4bc3-b8b5-24b016453c15"},"Division_2":{"tableName":"fcf73d30-ff54-488b-b84d-c060b95b2233"},"Divisions":{"tableName":"44657894-6e36-4596-a3e7-1d4ac29a7bd8"},"Location/Dept_2":{"tableName":"3afd8c67-e586-40e8-8a4f-572eb7cf1d6c"}}}},"apiTier":"Standard","isCustomApiConnection":false},"4317c2f4-bc06-4f43-b077-3b3dba414a5f":{"id":"1a780166-3003-4b5d-a09e-7a9a90fa9503","displayName":"SharePoint","iconUri":"https://connectoricons-prod.azureedge.net/sharepointonline/icon_1.0.1363.2042.png","dataSources":["Location/Dept","Division","CMERProcess_1","CMERProcess_2","CMERProcess_3","CMERProcess_4","CMERProcess","Division_1","Location/Dept_1","Request_3","OptionalApprovalsRouting","CMER History Requests","CMER Additional Requests","CMERProcess_6","CMERProcess_7","Divisions_1","Location/Dept_3","Location_1","Executive and VP","Divisions_2"],"dependencies":[],"dependents":["0138e80f-c5d8-414d-aa44-b55af468c08b","7925092c-b16d-43ea-81db-85e793887808","400229aa-9101-4086-bb7f-4ce7920044e6"],"parameterHints":{},"isOnPremiseConnection":false,"bypassConsent":false,"dataSets":{"https://avxcorp.sharepoint.com/sites/CMERAutomation":{"dataSources":{"Location/Dept":{"tableName":"3afd8c67-e586-40e8-8a4f-572eb7cf1d6c"},"Division":{"tableName":"fcf73d30-ff54-488b-b84d-c060b95b2233"},"CMERProcess_1":{"tableName":"dd94fce1-5ee5-458d-9637-76aab76a1ea8"},"CMERProcess_2":{"tableName":"dd94fce1-5ee5-458d-9637-76aab76a1ea8"},"CMERProcess_3":{"tableName":"dd94fce1-5ee5-458d-9637-76aab76a1ea8"},"CMERProcess_4":{"tableName":"dd94fce1-5ee5-458d-9637-76aab76a1ea8"},"CMERProcess":{"tableName":"04c3328b-85e8-4bc3-b8b5-24b016453c15"},"Division_1":{"tableName":"fcf73d30-ff54-488b-b84d-c060b95b2233"},"Location/Dept_1":{"tableName":"3afd8c67-e586-40e8-8a4f-572eb7cf1d6c"},"Request_3":{"tableName":"cc141b9e-1367-4fcd-819c-b1e33c026ed5"},"OptionalApprovalsRouting":{"tableName":"06cebb0d-6f19-43c6-9f9d-ac280c2b4bd8"},"CMER History Requests":{"tableName":"c20d3189-9810-43a9-8638-dda36230e04d"},"CMER Additional Requests":{"tableName":"368f8733-ba52-4976-b250-be4ae541cf96"},"CMERProcess_6":{"tableName":"04c3328b-85e8-4bc3-b8b5-24b016453c15"},"CMERProcess_7":{"tableName":"04c3328b-85e8-4bc3-b8b5-24b016453c15"},"Divisions_1":{"tableName":"44657894-6e36-4596-a3e7-1d4ac29a7bd8"},"Location/Dept_3":{"tableName":"3afd8c67-e586-40e8-8a4f-572eb7cf1d6c"},"Location_1":{"tableName":"7f7fce85-e7aa-4336-8b24-f9f432c095ce"},"Executive and VP":{"tableName":"9eed1803-faff-4500-a7e5-562298bad92b"},"Divisions_2":{"tableName":"44657894-6e36-4596-a3e7-1d4ac29a7bd8"}}}},"apiTier":"Standard","isCustomApiConnection":false},"bb69f1bc-8028-4ed3-a97d-a1d5e1ea3667":{"id":"e341c260-c45e-4bf1-8b20-dc0f780a62b0","displayName":"Office 365 Outlook","iconUri":"https://connectoricons-prod.azureedge.net/office365/icon_1.0.1363.2042.png","dataSources":["Office365Outlook","Office365Outlook_1","Office365Outlook_2"],"dependencies":[],"dependents":[],"parameterHints":{},"isOnPremiseConnection":false,"bypassConsent":false,"dataSets":{},"apiTier":"Standard","isCustomApiConnection":false},"0138e80f-c5d8-414d-aa44-b55af468c08b":{"id":"f7a19b05-4767-48b4-a9a0-059c465e4ff9","displayName":"Logic flows","iconUri":"https://resourcestackdeploy.blob.core.windows.net/scripts/13276078.png","dataSources":["CheckPermission"],"dependencies":["4317c2f4-bc06-4f43-b077-3b3dba414a5f"],"dependents":[],"parameterHints":{"workflowName":{"value":"aafca0b8-aaca-4140-9d42-bdb37c000e0d"},"4317c2f4-bc06-4f43-b077-3b3dba414a5f":{"value":"shared_sharepointonline"}},"isOnPremiseConnection":false,"bypassConsent":false,"dataSets":{},"apiTier":"Standard","isCustomApiConnection":false},"b83da688-8237-4e0a-b2bf-c296b1f3ea64":{"id":"f7a19b05-4767-48b4-a9a0-059c465e4ff9","displayName":"Logic flows","iconUri":"https://resourcestackdeploy.blob.core.windows.net/scripts/13276078.png","dataSources":["CMERPrintForm"],"dependencies":["998d8cf3-0ff5-454c-a330-57142fcdb0e1","3ca9bd0f-096e-4628-bb70-8fdad27ca63c"],"dependents":[],"parameterHints":{"workflowName":{"value":"fbc3d949-3647-470e-9933-2299587d2d90"},"998d8cf3-0ff5-454c-a330-57142fcdb0e1":{"value":"shared_onedriveforbusiness_2"},"3ca9bd0f-096e-4628-bb70-8fdad27ca63c":{"value":"shared_onedriveforbusiness_1"}},"isOnPremiseConnection":false,"bypassConsent":false,"dataSets":{},"apiTier":"Standard","isCustomApiConnection":false},"998d8cf3-0ff5-454c-a330-57142fcdb0e1":{"id":"7ace37a1-ed51-41fd-be75-6a23b4772cd9","displayName":"OneDrive for Business","iconUri":"https://connectoricons-prod.azureedge.net/onedriveforbusiness/icon_1.0.1341.1987.png","dataSources":[],"dependencies":[],"dependents":["b83da688-8237-4e0a-b2bf-c296b1f3ea64"],"parameterHints":{},"isOnPremiseConnection":false,"bypassConsent":false,"dataSets":{},"apiTier":"Standard","isCustomApiConnection":false},"3ca9bd0f-096e-4628-bb70-8fdad27ca63c":{"id":"7ace37a1-ed51-41fd-be75-6a23b4772cd9","displayName":"OneDrive for Business","iconUri":"https://connectoricons-prod.azureedge.net/onedriveforbusiness/icon_1.0.1341.1987.png","dataSources":[],"dependencies":[],"dependents":["b83da688-8237-4e0a-b2bf-c296b1f3ea64"],"parameterHints":{},"isOnPremiseConnection":false,"bypassConsent":false,"dataSets":{},"apiTier":"Standard","isCustomApiConnection":false},"7925092c-b16d-43ea-81db-85e793887808":{"id":"f7a19b05-4767-48b4-a9a0-059c465e4ff9","displayName":"Logic flows","iconUri":"https://resourcestackdeploy.blob.core.windows.net/scripts/13276078.png","dataSources":["CMERRequestAllApprovers"],"dependencies":["4317c2f4-bc06-4f43-b077-3b3dba414a5f","57c12120-6af5-4833-b981-ccd28792c8b0"],"dependents":[],"parameterHints":{"workflowName":{"value":"3f571392-9305-4f45-b88b-0ad3767fb934"},"4317c2f4-bc06-4f43-b077-3b3dba414a5f":{"value":"shared_sharepointonline"},"57c12120-6af5-4833-b981-ccd28792c8b0":{"value":"shared_office365users"}},"isOnPremiseConnection":false,"bypassConsent":false,"dataSets":{},"apiTier":"Standard","isCustomApiConnection":false},"57c12120-6af5-4833-b981-ccd28792c8b0":{"id":"e6c95322-5185-45d9-9a6a-4e952f350715","displayName":"Office 365 Users","iconUri":"https://connectoricons-prod.azureedge.net/office365users/icon_1.0.1357.2029.png","dataSources":[],"dependencies":[],"dependents":["7925092c-b16d-43ea-81db-85e793887808"],"parameterHints":{},"isOnPremiseConnection":false,"bypassConsent":false,"dataSets":{},"apiTier":"Standard","isCustomApiConnection":false},"400229aa-9101-4086-bb7f-4ce7920044e6":{"id":"f7a19b05-4767-48b4-a9a0-059c465e4ff9","displayName":"Logic flows","iconUri":"https://resourcestackdeploy.blob.core.windows.net/scripts/13276078.png","dataSources":["Button->Getitems,Initializevariable,Initializevariable2,Recor..."],"dependencies":["4317c2f4-bc06-4f43-b077-3b3dba414a5f"],"dependents":[],"parameterHints":{"workflowName":{"value":"f742aa0c-d5d2-409e-a743-4a68b8cbabfe"},"4317c2f4-bc06-4f43-b077-3b3dba414a5f":{"value":"shared_sharepointonline"}},"isOnPremiseConnection":false,"bypassConsent":false,"dataSets":{},"apiTier":"Standard","isCustomApiConnection":false}},"databaseReferences":{},"almMode":"Environment","performanceOptimizationEnabled":false,"canConsumeAppPass":true},"isAppComponentLibrary":false,"appType":"ClassicCanvasApp","appComponents":[]}}